wn_lex_clean,n_words,words
artifact,881,"addition, aircraft, airplane, airport, aisle, alley, altar, ambulance, anchor, antenna, apartment, apartments, apron, aquarium, arcade, ark, armchair, armor, armrest, arms, art, ashtray, aspirin, assembly, attic, auditorium, auto, automobile, ax, axe, backpack, backyard, bag, baggage, bakery, ball, balloon, ballpark, ballroom, bandage, bar, barbershop, barbwire, barn, barnyard, barrel, barrette, base, basement, basket, bath, bathrobe, bathroom, bathtub, baton, battleship, beachball, beachwear, bead, beanbag, bed, bedding, bedpost, bedroom, bedspread, beehive, bell, belt, bench, bib, bicycle, bike, billboard, bin, binoculars, birdbath, birdcage, birdhouse, blackboard, blanket, blender, block, blouse, boat, boater, bonnet, bookcase, bookmarker, bookshelf, bookshop, bookstore, boot, booth, bootie, boots, bottle, bow, bowl, bowtie, box, brace, bracelet, brake, breadbox, brick, bridge, briefcase, broom, broomstick, buck, bucket, buckle, buffet, buggy, building, bulldozer, bullet, bumper, bunk, bus, butt, buttery, button, buttonhole, buzzer, cab, cabin, cabinet, caboose, cafeteria, cage, cake, camera, camp, can, candle, candlestick, cane, cannon, cannonball, canoe, cap, car, card, carousel, carpet, carpeting, carriage, cart, cartwheel, cassette, castle, ceiling, chainsaw, chair, chalkboard, chapel, checkerboard, chime, chimney, choke, chopsticks, chute, cigar, cigarette, classroom, cleaner, clip, clipboard, cloak, clock, closet, cloth, clothes, clothesline, clothespin, clothing, cloverleaf, clubhouse, coat, cobweb, coffeepot, coffin, collar, comb, combine, cone, confetti, container, cooker, cooler, cord, corkscrew, costume, cosy, cot, couch, counter, cover, cowbell, cradle, crate, crayon, crib, cross, crosswalk, crutch, cubby, cubbyhole, cup, cupboard, curb, curler, curtain, cushion, cutout, dairy, dam, dart, deck, decoration, desk, destroyer, dial, diaper, dice, die, dipper, dish, dishrag, dishtowel, dishwasher, dispenser, ditch, dive, doghouse, dogsled, doll, dollhouse, doohickey, door, doorbell, doorknob, doorknocker, doorpost, doorstep, doorstop, doorway, drawer, drawers, dress, dresser, drill, driveway, drugstore, drum, dryer, dumbbell, dungeon, dynamite, earmuff, earplug, earring, easel, eggcup, electric, electrics, elevator, empty, engine, entrance, envelope, equipment, eraser, exit, extinguisher, eyeglass, eyeglasses, fabric, factory, fake, fan, farm, farmhouse, farmyard, faucet, felt, fence, firecracker, firehouse, fireplace, firework, fireworks, fishhook, flag, flagpole, flap, flashbulb, flashlight, floor, flooring, floppy, floss, flowerbed, flowerpot, flyswatter, flytrap, foil, footpath, footrest, footstool, footwear, fork, fort, fountain, frame, freezer, fridge, frisbee, furniture, garage, garden, gate, gather, gear, gem, getup, glasses, glove, goggles, gown, grab, gravestone, grill, groceries, grocery, guestroom, guitar, gun, gutter, gym, hairbrush, hall, hallway, hammer, hamper, handbag, handcart, handcuff, handgun, handkerchief, handle, handlebar, handrail, harmonica, harness, harp, hat, hayloft, headband, headlight, headphones, headrest, heater, heel, helicopter, helmet, highchair, highway, hinge, holder, hook, hoop, horn, horseshoe, hose, hospital, hotel, house, housetop, housetops, hydrant, icebox, igloo, ingredient, ingredients, inn, instrument, jacket, jail, jailhouse, jar, jean, jeans, jeep, jet, jewel, jewelry, jigsaw, jug, jukebox, kazoo, kerchief, key, keyhole, kit, kitchen, knife, knit, knitting, knob, knuckles, lace, ladder, lamp, lampshade, landing, lane, launch, laundry, leash, lever, library, lifeboat, lightbulb, lighthouse, limited, linen, lipstick, load, lobby, lock, locomotive, loop, lotion, luggage, lunchroom, machine, magnet, mailbag, mailbox, makeup, mall, manger, manhole, mantel, map, marker, mask, mat, match, matchbox, matchstick, mattress, mayflower, maze, medication, microphone, mike, mine, mini, minivan, mirror, missile, mitten, mop, motel, motor, motorbike, motorboat, motorcar, motorcycle, motorway, mound, mousetrap, mow, mower, napkin, necklace, necktie, net, netting, nightgown, nightie, nightshirt, nightwear, nursery, nutcracker, oar, office, oilcan, ointment, orchard, original, ornament, outfield, outhouse, oven, paddle, pail, paint, paintbox, paintbrush, painting, pajama, pajamas, palace, pale, pan, panties, pants, panty, pantyhose, paperback, paperclip, paperweight, parachute, pavement, peg, pen, pencil, phone, photo, photograph, piano, pickup, picture, pictures, piece, pigpen, pill, pillow, pillowcase, pin, pistol, pitchfork, plane, plant, plate, platform, playhouse, playpen, playroom, pliers, plow, plug, pocket, pocketknife, poky, pole, pool, porch, portable, postbox, pot, pottery, potty, pouch, prison, projector, propeller, pump, puppet, purse, pyjamas, quarters, quilt, racecourse, rack, raft, rag, rail, railcar, railing, railroad, railway, raincoat, ramp, ranch, razor, razorblade, recliner, recording, refill, refrigerator, remote, restaurant, restroom, rib, rifle, road, roadway, robe, robot, rocket, rod, roof, room, rooms, rope, ropes, round, rowboat, royal, ruffle, rug, saber, sack, saddle, safe, sail, sailboat, saltshaker, sandal, sandbag, sandbox, sash, saucepan, scarecrow, scarf, schoolbag, schoolhouse, schoolroom, scissors, scooter, scoreboard, scrapbook, screen, screwdriver, scuba, sculpture, seal, seam, seatbelt, seating, seesaw, sewer, shack, shampoo, sharpener, shed, shelf, shell, shield, ship, shirt, shirtsleeve, shoe, shoehorn, shoelace, shoestring, shop, short, shortcut, shorts, shotgun, shovel, shower, shutter, sidewalk, silk, sill, silverware, sink, skate, skateboard, sketchbook, ski, skirt, skittle, sled, sleepwear, sleeve, sleigh, slide, slingshot, slipper, slug, smock, sneaker, snip, snowman, snowshoe, snowsuit, snug, soap, sock, sofa, softball, sole, spacecraft, spaceship, spacesuit, spades, spatula, spear, speedboat, spitball, spoke, spoon, sprinkler, stadium, stair, staircase, stairs, stairway, stall, stand, staple, stapler, starter, station, statue, steamboat, steamship, steeple, stencil, stepladder, steps, stereo, stick, still, stitch, stocking, stockings, stole, stool, store, stove, strap, street, streetlight, string, stripe, submarine, subway, suit, sunglass, sunglasses, sunscreen, supermarket, suspender, sweater, sweatpants, sweatshirt, swimsuit, swimwear, switch, sword, tablecloth, tablet, tabletop, tableware, tambourine, tank, tape, taxi, taxicab, teakettle, teapot, teepee, teeter, telephone, telescope, tent, tepee, theater, thermometer, thingamabob, thingamajig, thread, throne, thumbtack, tiara, tie, tightrope, tights, tile, timer, tinfoil, tinsel, tire, tobacco, toilet, tombstone, tongs, tool, toolbox, toothbrush, toothpaste, toothpick, torch, total, towel, tower, toy, tractor, train, trampoline, trap, tray, tricycle, trombone, trouser, trousers, truck, trumpet, tub, tuba, tube, tugboat, tunnel, turtle, turtleneck, tweezers, typewriter, umbrella, underclothes, underclothing, underpants, undershirt, underwear, unicycle, uniform, upper, upstairs, utensil, vase, vehicle, velvet, vest, videocassette, violin, visor, wagon, walkway, wall, wallet, wand, wardrobe, wash, washbowl, washcloth, washrag, washroom, washtub, wastebasket, watch, watchband, watercolor, weapon, wedgie, weeds, well, wheel, wheelbarrow, wheelchair, whip, wick, wig, wildcat, windbreaker, windmill, window, windowsill, windshield, wire, woodshed, woof, woolen, workbench, workshop, wrap, wrapper, wreath, wristwatch, xylophone, yoke, zapper, zipper, zoo"
person,592,"actor, actress, adult, adventurer, aide, alien, amen, angel, announcer, artist, asker, astronaut, athlete, atlas, attacker, aunt, auntie, author, babe, baby, babysitter, backscratcher, baker, baldhead, ballerina, ballplayer, banker, barber, bather, batter, beater, beggar, begin, beginner, believer, bellboy, biter, blabbermouth, blimp, blond, blonde, bogeyman, booby, booger, boogeyman, bookseller, bookworm, born, boss, boxer, boy, boyfriend, bozo, bragger, brat, brave, bride, brother, brownie, buddy, bully, bunny, burger, burglar, butcher, butler, buyer, caller, camper, canary, captain, carpenter, cartoonist, cashier, catcher, catholic, caveman, champ, character, cheater, checker, cheerleader, chewer, chief, child, children, choirboy, chooser, churchgoer, citizen, classmate, clerk, clown, coach, coaster, colored, comic, complainer, conductor, cook, cop, copycat, cousin, coward, cowboy, cowgirl, crackerjack, crane, crawler, crawlers, crazy, creator, crier, criminal, crook, crybaby, cub, cuckoo, cuss, customer, cutter, dad, daddy, dalmatian, damsel, dancer, dandy, darling, daughter, daydreamer, dear, deliveryman, demon, dentist, deputy, detective, devil, diner, diver, doctor, domino, doormat, dork, dragon, dreamer, drew, driver, drummer, dry, ducky, dude, duke, dummy, dwarf, eater, elder, elf, emperor, employee, entertainer, equal, eskimo, eve, explorer, extra, fairy, faker, familiar, farmer, farmhand, father, fatso, fatty, fed, fibber, fighter, finder, fink, firebug, firefighter, fisherman, follower, fool, forward, forwards, fossil, friend, fry, gardener, genie, genius, gentleman, giggler, girl, girlfriend, giver, goalie, goblin, god, godmother, godparent, golfer, goof, goofball, goofy, gopher, grader, graduate, grandchild, granddad, granddaddy, granddaughter, grandfather, grandma, grandmother, grandpa, grandparent, grandson, granny, great, groom, grouch, grower, grownup, guard, guest, guide, guy, gymnast, hairdresser, handy, handyman, hanger, have, heavy, helper, hero, highness, hitchhiker, hitter, hog, homeless, hood, hopeful, hotdog, houseguest, housekeeper, hugger, hunt, hunter, husband, idiot, infant, innocent, janitor, jinx, joker, jokester, juggler, jumper, junior, kicker, kid, kiddy, kidnapper, kids, killer, kin, kindergartener, kindergartner, king, kisser, knight, knocker, lad, lady, laugher, laundryman, lawyer, lazybones, leader, learner, lefty, leprechaun, liar, librarian, lifeguard, lifesaver, lightweight, listener, litterbug, lookout, loony, lord, loser, lovely, ma, macaroni, magician, maid, mailman, maker, mama, mammy, man, married, master, meanie, measurer, mechanic, mermaid, messenger, milkman, millionaire, minister, misfit, miss, missy, mom, momma, mommy, monster, more, mother, motorcyclist, motorist, mummy, munch, musician, musketeer, nanny, narrator, national, neighbor, nephew, nerd, newborn, newsboy, newsman, newspaperman, newspaperwoman, niece, nincompoop, nob, nobody, nonbeliever, nonsmoker, nurse, nutcase, officer, organist, orphan, ostrich, outlaw, owner, pa, pacifier, painter, pal, papa, paperboy, parent, partner, passenger, pastor, patient, peel, performer, phony, photographer, pianist, pilgrim, pilot, pioneer, piper, pirate, pitcher, pixie, planter, player, playmate, policeman, policewoman, poof, pop, postman, preacher, president, priest, prince, princess, printer, private, puck, puke, puncher, pussycat, quack, quarterback, quitter, racer, rake, rascal, reader, recipient, redhead, ref, referee, relative, religious, repairman, retard, rider, ringmaster, rip, robber, rocker, roofer, roomy, rowdy, ruler, runner, sailor, saint, salesgirl, saleswoman, same, sandman, saver, savior, scab, schoolboy, schoolchild, schoolgirl, schoolmate, schoolteacher, scientist, scorekeeper, scorpion, scout, scouts, scratcher, screamer, screw, secretary, seeker, seller, sender, servant, shaver, shepherd, sheriff, shipbuilder, shoemaker, shopper, shouter, shrimp, shrink, sibling, signer, silly, singer, sinner, sir, siren, sissy, sister, sitter, skater, skunk, slave, sleeper, sleepyhead, slob, slowpoke, smoker, sneak, sneezer, snoopy, snorer, snot, soldier, son, songwriter, soul, spaceman, speaker, speller, spirit, spook, sprayer, squirt, steady, steamroller, stepbrother, stepchild, stepmother, stepson, stinker, storekeeper, storyteller, straight, stranger, stroller, student, stupid, sucker, super, surfer, survivor, sweet, sweetheart, sweetie, swift, swimmer, taco, taker, talker, tapper, taster, tattler, tattletale, teach, teacher, teammate, tease, teen, teenager, tell, thief, thinker, throwaway, tiger, tinker, toaster, toddler, tomboy, tough, trailer, trainman, traveler, trespasser, troll, trucker, trusty, tutu, twin, twirler, umpire, uncle, unicorn, vampire, vet, veterinary, visitor, volunteer, voter, wag, waitress, washer, wasp, waster, watcher, wearer, weasel, weatherman, weird, werewolf, whale, whiner, white, wiener, wife, wiggler, wimp, winner, witch, wizard, wobbly, woman, woodcutter, worker, workman, worrier, worshipper, wrestler, writer, yank, yeller, youngster, youth, zombie"
all,547,"able, about, absolutely, across, actual, actually, adorable, afraid, after, afterwards, again, ago, ahead, alike, alive, all, almost, alone, along, aloud, alright, also, always, angry, another, any, anyhow, anyway, apart, around, ashamed, asleep, aware, away, awesome, awful, awhile, babyish, backward, backwards, badly, baggy, barefoot, barefooted, barely, bashful, beautiful, before, below, beneath, between, beyond, big, biggish, bitty, bloodstained, blurry, boneless, bossy, both, bouncy, brainy, bratty, breezy, bright, brilliant, brotherly, brownish, bumpy, bushy, but, by, careful, carsick, certainly, cheap, cheerful, cheery, cheesy, chewable, chewy, childish, chubby, chunky, clever, cloudless, cloudy, clueless, clumsy, colorful, colorless, comfortable, comfy, controllable, cranky, crappy, creaky, creamy, creepy, crispy, cruddy, cruel, crumbly, crummy, crusty, curious, cute, dangerous, deadly, decent, definitely, descriptive, different, difficult, dishonest, disobedient, disrespectful, downstairs, downward, dreadful, dreamlike, dressy, drippy, droopy, dumb, dusty, each, early, easy, either, elementary, energetic, enormous, eventually, ever, every, everyday, everyplace, everywhere, exactly, excellent, expensive, extinct, fabulous, false, famous, fantastic, faraway, fatherless, fearful, fearsome, fidgety, filthy, fizzy, flashy, flexible, fluffy, foamy, foggy, foodless, forceful, forgetful, forgettable, freaky, fresh, friendless, frightful, frosty, fruity, furry, fussy, fuzzy, gaga, generous, gentlemanly, germy, gigantic, glittery, gloved, gluey, goddamn, godlike, golden, gooey, gorgeous, grabby, grassy, grateful, grayish, greasy, greedy, greenish, groovy, grouchy, grumpy, gymnastic, hairy, handmade, handsome, handwritten, happily, happy, hard, hardly, hardworking, harmful, harmless, hateful, healthy, helpful, hilly, hoarse, homemade, homeward, honest, horrible, hot, however, huge, hungry, hurtful, icky, icy, iffy, immediately, impatient, impolite, important, incomplete, incorrect, indeed, indoor, indoors, inexcusable, inner, insane, instantly, instead, invisible, inward, itchy, jealous, joyful, joyous, juicy, jumbo, just, ladylike, late, later, lazy, leafy, leaky, legged, likable, likely, lonely, loud, lousy, lovable, lucky, lumpy, mad, magical, mannered, many, maybe, meaty, merry, messy, mighty, milky, moldy, moonlit, motherless, multicolored, mushy, mustached, mythical, naked, nasty, naughty, nearby, nearly, neat, neither, nervous, never, new, next, noisy, normally, nosy, not, nutty, obnoxious, odd, often, oily, on, once, only, onstage, other, outdoor, outer, outstanding, overdue, overnight, oversea, painful, peaceful, peachy, perfectly, perhaps, picky, playable, playful, pleasant, pointless, poisonous, polite, popeyed, popular, powerful, prayerful, precious, pregnant, pretty, prickly, prizewinning, proper, proud, puffy, pure, purplish, pushy, quickly, quite, rainy, rare, rather, really, rectangular, reddish, redheaded, replaceable, respectful, reusable, ridiculous, ripe, rotten, roughly, rubbery, rude, runny, rural, sad, salty, scaly, scary, scratchy, seedless, seldom, selfish, serious, several, shadowy, shameful, shiny, sickly, sideway, silent, similar, simply, sleepy, sleeveless, slimy, slippery, sloppy, slowly, slushy, smelly, smoky, snakelike, sneaky, snotty, snowy, soft, soggy, some, someday, someplace, sometime, sometimes, someway, soon, sorry, soupy, southern, sparkly, speedy, spicy, spiky, splendid, spooky, sporty, spotless, spotty, squeaky, squiggly, squishy, starry, stationary, sticky, stingy, stinky, stormy, strange, stretchy, strict, stringy, strong, stubborn, stuffy, sturdy, such, sudden, suddenly, sugary, sunless, sunny, suntanned, superhuman, sure, suspicious, swampy, syrupy, tailless, tardy, tasty, teary, teenage, teensy, teeny, terrible, terrific, thankful, thirsty, thorny, though, through, ticklish, tight, tiny, together, too, toothless, trashy, triangular, tricky, truthful, twice, twinkly, twisty, ugly, unable, unanswered, unbeatable, unbroken, unclean, uncombed, uncomfortable, undecided, undependable, under, underarm, undersea, underweight, undrinkable, uneven, unfair, unfinished, unfortunately, unfriendly, unhappy, unhealthy, unhurt, unimportant, unkind, unlit, unloved, unlucky, unmixed, unopened, unpainted, unpredictable, unreal, unripe, unsafe, unsalted, unsleeping, unspotted, unsteady, unstuck, unthankful, untouched, untrue, untruthful, unused, unwanted, unwashed, unwell, unwise, upward, upwards, usable, useful, useless, very, violent, wacky, washable, wasteful, watery, wavy, weak, wealthy, weeklong, weeny, whatever, wherever, whiney, whiny, wide, windy, wingless, within, wonderful, wooden, woozy, wormy, wrinkly, yet, yucky, yummy, zippy"
communication,330,"above, abracadabra, accidental, act, address, admit, advertisement, agree, album, alphabet, announcement, answer, apologize, apology, applaud, applause, approve, argue, argument, arrow, artwork, aside, ask, autograph, autographed, babble, backdoor, backtalk, badge, baptize, basics, beg, bible, bill, blab, blame, blank, bless, blessed, boo, book, booklet, brag, brand, bye, call, cancel, carol, cartoon, catalogue, channel, chant, chapter, chart, chat, chatter, checklist, cheer, chuckle, circular, classical, clue, collect, comics, comma, commandment, commercial, communicate, complain, compliment, confess, congratulation, congratulations, conversation, convincing, cookbook, copy, coupon, croak, crossword, crown, cry, curse, cursive, daily, dance, dare, deliver, demand, dental, deny, describe, detailed, diary, dibs, dictionary, discussion, display, donkey, drama, drawing, drool, encouragement, encyclopedia, ending, entry, escalator, except, exclamation, excuse, explain, explanation, fairytale, fib, fiction, figure, film, finale, fingerprint, flyer, folksong, footprint, forgive, forgiving, form, frown, funny, gag, gender, giggle, glide, goodbye, grapevine, greet, greeting, grin, guess, handclap, handout, handshake, handshaking, handwriting, hello, hint, honor, hooray, hoot, howl, humor, hymn, ignore, illustration, information, instruction, invitation, invite, item, joke, label, language, laugh, laughter, lay, letter, lie, list, lowercase, lullaby, magazine, mail, manual, meaning, medal, medium, melody, menu, message, mister, moan, monthly, motion, movie, mumble, music, musical, name, negative, news, newscast, newspaper, nickname, no, nod, nonsense, northern, note, notebook, notepaper, notice, noun, offer, okay, oldie, opposite, order, padded, page, paragraph, pedal, performance, permission, play, plural, poem, pointer, polka, portrait, postcard, pout, praise, pray, preach, preview, print, promise, promising, puzzle, question, quiz, radio, read, recipe, recital, record, reminder, reply, report, rerun, return, rhyme, rhythm, riddle, roundness, rundown, salute, saw, saying, schoolbook, scorecard, scream, scribble, scripture, secret, section, sentence, separate, sermon, sharp, shout, shrug, sigh, sign, signal, signpost, singsong, skinny, slot, smile, smiley, snort, so, song, songbook, southwestern, speak, special, speech, spelling, steer, stem, stoplight, stopper, story, storybook, subject, swear, swoop, symbol, tag, tale, talk, target, tattle, tattoo, televised, television, text, textbook, thank, thanks, thumbprint, ticket, tickler, title, token, tone, topic, trophy, tune, tv, underline, untruth, viewing, vocabulary, vowel, warn, warning, weekly, western, whine, whisper, whopper, word, workbook, yak, yardstick, yarn, yea, yell, yes"
act,304,"action, activity, adoption, adventure, annoying, appointment, approval, arrest, assignment, attack, attempt, attendance, avenue, award, ballet, baptism, baseball, basketball, bathe, bathing, battle, behavior, belch, best, bingo, blast, blastoff, blessing, blessings, blink, blow, bombing, boost, boring, bowling, boxing, breath, burp, burst, camping, capture, care, carnival, carry, catnap, charge, chase, checkers, checkout, checkup, chomp, chore, clean, coming, conditioner, construction, contact, cooking, countdown, course, courtesy, craft, crawl, creation, crime, cuddle, dab, dancing, darts, daycare, deal, decision, delivery, destruction, difficulty, dining, discovery, dishwashing, disobedience, dominoes, double, drain, drive, dunk, duty, education, embrace, entertainment, errand, error, escape, evil, exercise, fade, fair, farming, fart, fast, fastball, fault, favor, fetch, fight, fireman, fishing, flinch, flip, football, foul, frightening, fun, game, gardening, get, going, golf, golfing, graduation, grip, gulp, gunfire, gunshot, gymnastics, handstand, haul, headstand, hearing, help, hit, hobby, hockey, hold, homework, hop, hopscotch, horseplay, housekeeping, housework, hug, hula, hunting, interruption, jiggle, job, journey, juggle, karate, kick, kill, kiss, kneel, leap, leapfrog, lesson, lift, limp, liner, market, measure, measurement, minus, misbehavior, mistake, move, movement, multiplication, out, outing, overflow, pains, paperwork, pardon, participation, parting, pass, path, peek, peekaboo, photography, piggyback, pinball, pleasing, practice, prayer, pretend, pull, punch, punishment, push, pushup, put, refereeing, rehearsal, removal, repair, rescue, responsibility, ride, robbery, role, roller, rowing, run, rush, sale, save, scamper, schooling, schoolwork, selection, sell, serve, sewing, shave, shining, shinny, shiver, shopping, shot, shove, show, shy, single, sip, skedaddle, skiing, skip, slip, slowdown, smoking, smooch, smooches, smooth, snap, sniff, sniffle, snooze, snuggle, soccer, solo, somersault, spank, spanking, split, sport, squeeze, stare, starving, stay, steering, step, stomp, storage, strike, strikeout, stroll, study, stumble, subtraction, suck, swap, swat, swim, swimming, takeoff, task, teaching, teamwork, tennis, throw, toss, touchdown, tour, trade, trading, travel, trick, trip, triple, trot, try, tug, tumble, use, violence, visit, volleyball, vote, voyage, waddle, walk, war, weeping, whoopee, wiggle, wipe, work, worrying, worship, wrestle, wrestling, wriggle, writing, yawn"
animal,214,"angelfish, ant, antler, ape, bat, beagle, beak, bear, bedbug, bee, beef, beetle, bird, blackbird, bluebird, bobcat, buffalo, bug, bull, bulldog, bullfrog, bumblebee, butterfly, calf, camel, cat, caterpillar, cattle, centipede, chick, chimp, chimpanzee, chipmunk, clam, claw, cobra, cockroach, collie, cootie, cottontail, cow, coyote, crab, cricket, critter, crocodile, crow, deer, dinosaur, dog, doggy, dolphin, dormouse, dove, down, dragonfly, duck, eagle, earthworm, egg, elephant, elk, entire, falcon, feather, feeder, female, firefly, fish, fishbone, flamingo, flea, fly, flycatcher, fowl, fox, frog, gator, gerbil, giant, giraffe, goat, goldfish, goose, gorilla, grasshopper, grizzly, groundhog, hamster, hare, hawk, hen, hippopotamus, honeybee, hoof, hornet, horse, horseback, hound, human, humankind, hummingbird, hyena, iguana, inchworm, insect, jackrabbit, jaguar, jellyfish, kangaroo, kitten, koala, ladybug, lamb, leatherjacket, leech, lion, lioness, livestock, lizard, male, mammal, mammoth, mane, monkey, moose, mosquito, moth, mouse, mule, mutt, newt, orangutan, owl, ox, panda, panther, parakeet, parrot, paw, peacock, penguin, pet, pig, pigeon, piggy, piglet, platypus, polliwog, pony, pooch, poodle, porcupine, possum, pup, puppy, python, queen, rabbit, racehorse, racoon, rat, rattler, rattlesnake, redbird, reindeer, reptile, rhino, rhinoceros, roadrunner, robin, rodent, rooster, salamander, seagull, seahorse, seashell, seaweed, shark, sheep, sheepdog, silkworm, snail, snake, snout, songbird, spaniel, sparrow, spider, squirrel, starfish, stork, stray, swan, tadpole, tail, tarantula, termite, toad, tortoise, triceratops, turkey, tyrannosaur, tyrannosaurus, udder, walrus, warthog, wing, wishbone, wolf, woodpecker, worm, young, zebra"
food,178,"apple, applejack, applesauce, bacon, barbecue, bean, beer, berry, beverage, birdseed, biscuit, bread, breakfast, bun, butter, buttermilk, butterscotch, cabbage, candy, caramel, casserole, catfish, catsup, cheese, cheeseburger, chew, chicken, chili, chilly, chocolate, chuck, cider, citrus, cling, cob, cocoa, coconut, coffee, coleslaw, coloring, cookie, cookout, cornbread, cornmeal, cracker, crisp, cupcake, delicious, dessert, dinner, dough, dressing, drink, drinkable, drumstick, duckling, eel, eggnog, feed, fizz, flavorings, flour, frosting, fudge, gingerbread, goody, grape, gravy, greens, gum, gumdrop, ham, hamburger, hay, honey, honeydew, hotcake, icecream, jam, jawbreaker, jelly, juice, ketchup, lasagna, leftovers, lemon, lemonade, loaf, lobster, lollipop, lunch, marshmallow, mayonnaise, meal, meat, meatball, meatloaf, melon, milk, milkshake, mix, muffin, nacho, noodle, noodles, oatmeal, octopus, omelet, orange, pancake, pasta, pastry, pea, pear, pepperoni, pickle, pie, pizza, popsicle, pork, porridge, potato, potion, potluck, pretzel, produce, prune, pudding, radish, raisin, ravioli, refreshment, rice, salad, salami, saltine, sandwich, sardine, sauce, sausage, seafood, seasoning, sherbet, shortcake, sinker, slop, snack, soup, sour, spaghetti, squid, steak, stinger, strawberry, sub, sugar, sugarplum, sundae, supper, swallow, syrup, taffy, tea, teatime, toast, toffee, tomato, treat, tuck, vegetable, veggie, vinegar, waffle, walnut, weenie, wine, yogurt, yolk"
state,170,"absence, ache, add, backache, backseat, baldness, ballgame, being, bellyache, bite, blindness, blister, blush, boil, bruise, bummer, bump, burn, challenge, chance, chickenpox, cleanliness, cleanness, clear, climate, cold, comfort, complaint, cough, damp, danger, dark, darkness, deafness, dirtiness, disease, divide, drought, earache, exhaustion, fame, fever, filthiness, fishbowl, fit, fix, flavor, flu, freedom, friendship, fullness, fuss, gas, gash, glory, glow, grace, guilt, happiness, harm, hazard, health, hibernation, hiccup, hum, hunger, hurry, hurt, ill, illness, impatience, injury, insanity, itch, jumble, kingdom, life, lighting, low, luck, marriage, mess, messiness, moisture, monopoly, muddiness, nakedness, neatness, need, nightmare, nosebleed, nowhere, operation, pain, peace, peacefulness, pest, pinch, press, problem, puffiness, quiet, rash, rattrap, raw, ready, realness, recess, redness, rick, risk, rot, ruin, safety, say, scar, scare, scratch, shade, shadow, sickness, silence, slash, sleep, sleepiness, sloppiness, smart, smartness, smother, snakebite, sneeze, soil, sore, soreness, spell, spotlight, stew, sting, stinging, stir, stomachache, stuffiness, suffering, sunburn, suntan, surroundings, swing, tan, tantrum, thing, thirst, threat, tiredness, toothache, trim, uncleanness, undress, untidiness, upset, vacuum, want, wear, welcome, wet, wetness, wild, wilt, wound, wreck, wrench"
attribute,143,"age, aid, authority, bad, badness, beauty, beige, bellyful, better, birthmark, black, blackness, bloodstain, blue, bounce, bounciness, brightness, brown, build, calm, camouflage, carelessness, catch, caution, chill, chilliness, color, control, cool, crisscross, cuteness, dash, dazzle, difference, disconnect, dishonesty, distance, due, expression, fairness, finish, flatness, force, forces, fuzziness, gentleness, give, glitter, good, goodness, goods, gray, greed, green, guts, halo, heaviness, height, helpfulness, high, holiness, honesty, hush, importance, kindness, large, laziness, lead, lean, length, level, limit, littleness, look, looks, loudness, loveliness, magenta, majesty, manner, manners, meanness, nature, nearness, newness, niceness, nick, number, odor, patch, patience, pink, pitch, plenty, plus, politeness, pose, power, price, privacy, purple, quietness, raise, range, red, remove, right, ring, scatter, selfishness, shape, shine, shoeshine, silliness, sin, size, smallness, smoothness, softness, sound, sparkle, stain, stickiness, strength, style, sweep, tall, tallness, temperature, thickness, thinness, true, truthfulness, ugliness, unkindness, voice, way, weight, whiteness, wise, wrong, yellow, yellowness"
substance,141,"active, air, alligator, aluminum, as, ash, ashes, at, barf, be, beaver, blacktop, blubber, builder, cardboard, cement, chalk, clay, coal, coke, concrete, copper, cotton, crap, crush, crystal, detergent, dew, dimple, dirt, dishwater, dust, dye, earwax, fat, fell, fertilizer, filling, filth, firewood, fluff, fluid, freshwater, frost, fuel, fur, garbage, gasoline, gel, gelatin, gemstone, glass, glue, goo, goop, gravel, grease, he, hide, horsehair, I, ice, icicle, ink, iron, junk, lava, leather, leopard, lighter, lime, lint, liquid, log, lumber, marble, mash, metal, mouthwash, mud, nickel, oil, ooze, otter, paper, paste, pee, piss, plank, plastic, poison, poop, powder, puddle, putty, raccoon, rainwater, remover, rinse, rubber, rust, salt, sand, sandpaper, sap, sawdust, seawater, shake, shit, silver, slime, slush, soda, solid, soot, spice, spices, spill, sponge, spray, steam, steel, straw, stuff, tar, till, timber, tin, trash, turquoise, tusk, venom, vitamin, vitamins, vomit, wafer, wallpaper, waste, water, wax, wood"
cognition,139,"accept, aim, amaze, amazed, amazing, arithmetic, arts, attention, attitude, backbone, backwardness, bait, baits, belief, believe, choice, choose, cleverness, coldness, concern, confuse, confusing, daydream, decide, discipline, dislike, dodge, dream, dreamland, dumbness, example, explore, eyes, eyesight, fact, faith, fancy, favorite, feature, feel, find, forget, forgetfulness, germ, germs, ghost, goal, grammar, habit, halve, hang, headache, heart, idea, imagination, impossible, interest, it, itchiness, kaleidoscope, kind, know, largeness, learn, like, magic, make, mark, math, mathematics, matter, mean, medicine, memorize, memory, mind, model, multiple, multiply, mystery, normal, nosiness, obstacle, pattern, perfume, pick, plan, point, possible, puzzled, react, reflection, refreshing, religion, remember, rub, rule, sample, scent, schedule, science, score, self, sense, sight, skill, slant, smell, solve, sort, stink, stupidity, substitute, subtract, surgery, surprised, surprising, sweetness, talent, taste, test, think, thorn, thought, tickle, trouble, truth, type, understand, understanding, unfairness, value, view, vision, warmth, whole, will, wont, worry"
event,135,"accident, bang, beep, beginning, blowup, boom, bother, break, buzz, campfire, case, cause, celebration, ceremony, change, cheep, chirp, chorus, clank, clap, click, cluck, contest, coo, crackle, crash, creaking, crunch, damage, death, discuss, do, dribble, drip, earthquake, emergency, episode, eruption, explosion, faint, final, fire, flash, flick, flow, footstep, footsteps, funeral, gobble, growl, gurgle, heartbeat, hiss, honk, jingle, jolly, jump, knock, liftoff, meet, meow, miaow, miracle, moo, neigh, noise, oink, opener, pant, pat, peal, plop, purr, race, rattle, repeat, repetition, replay, reward, rippling, rise, roar, roll, scrape, scrunch, seek, slam, slap, sleepover, smack, smash, smudge, snore, spark, sparkling, spike, spin, splash, splat, spread, squeak, squeal, squish, start, stop, surf, swell, swoosh, tap, thump, thunder, tick, tide, time, tinkle, toot, toots, touch, tournament, twinkle, twist, victory, walkaway, wave, wedding, whack, whinny, whirl, whistle, whistling, win, wipeout, wobble, yelp, zap"
body,121,"ankle, anklebone, arm, armpit, ass, awake, awaken, back, beard, behave, behind, belly, bellybutton, bleed, blood, body, bone, braid, brain, breast, breathe, buttocks, cheek, cheekbone, chest, chin, come, cowlick, ear, eardrum, earlobe, elbow, eye, eyeball, eyebrow, eyelash, eyelid, face, finger, fingernail, fingertip, fist, foot, forefinger, forehead, freckle, freckles, gut, hair, haircut, hairdo, hairstyle, hand, head, heads, hip, hipbone, injure, jaw, jaws, knee, kneecap, knuckle, lap, leg, lid, limb, lip, lung, mitt, moustache, mouth, nail, neck, noggin, nose, nostril, palm, pathway, permanent, pigtail, pinkie, plaque, ponytail, quick, relax, relaxed, relieve, roach, ruff, scalp, shoulder, skin, skull, slim, slobber, small, spine, stale, stomach, sweat, tear, teethe, thigh, throat, thumb, tiptoe, tired, tiring, tissue, toe, toenail, tongue, tooth, tummy, undressed, urinate, waist, whiskers, wrist, yap"
plant,116,"acorn, almond, apricot, asparagus, banana, bark, beanstalk, beet, blade, blossom, blueberry, broccoli, bud, bulb, bush, buttercup, cactus, cantaloupe, carrot, catnip, cauliflower, celery, cereal, cheat, cherry, chess, chestnut, cinnamon, clover, cola, corn, cornstalk, cranberry, crop, cucumber, daffodil, daisy, dandelion, flower, fruit, fuzz, garlic, glad, grapefruit, grass, harvest, hazel, holly, houseplant, kiwi, leaf, licorice, lily, maple, mum, mushroom, mustard, needle, nut, nutshell, oak, oat, oats, olive, onion, peach, peanut, pecan, pepper, peppermint, petal, pine, pineapple, pinecone, pinwheel, plum, pod, poke, pollen, popcorn, puffball, pumpkin, raspberry, root, rose, rosebush, seed, seedling, sesame, shoot, simple, snowball, snowdrop, spearmint, spinach, squash, sticker, stump, sugarcane, sunflower, tree, treetop, tulip, tumbleweed, tuna, turnip, twig, vanilla, vine, violet, watermelon, weed, wheat, wildflower, willow, zucchini"
group,112,"airforce, army, audience, band, batch, battery, blind, board, bop, branch, brush, bunch, bundle, business, carload, cast, chain, charity, choir, chow, church, circus, class, club, collection, column, community, company, core, country, couple, cream, crew, crowd, dead, deaf, disabled, division, doe, drove, elect, enemy, family, far, feast, few, flight, flock, following, forest, free, friendly, galaxy, glob, grade, gymnasium, handicapped, haystack, heap, herd, highschool, hive, household, kindergarten, knot, let, line, litter, lump, mailing, meeting, membership, mixer, nation, navy, needy, outfit, package, pair, parade, party, people, pile, police, poor, preschool, rainforest, rear, rich, row, school, set, sick, stack, streak, strings, superpower, table, team, thicket, townspeople, traffic, troops, underground, van, variety, village, waterworks, who, wildlife, woodpile, woods"
quantity,107,"a, bagful, birdie, bit, bob, bowlful, bucketful, bushel, busload, capful, carful, cartload, carton, cent, count, crumb, cupful, dollar, dozen, duo, dustpan, eight, eighty, eleven, enough, eyedrop, fifteen, fifth, fifty, fill, fin, fistful, five, forty, four, gain, gal, gallon, gill, glassful, grand, gross, half, handful, hundred, imaginary, in, inch, increase, jack, little, lot, maximum, mile, million, mint, mole, mouthful, much, mug, nibble, nine, ninety, nip, nothing, one, pack, parking, peak, peck, penny, pocketful, pound, quart, quarter, real, scoop, seven, shovelful, six, sixteen, sixty, skeleton, spoonful, tablespoon, tablespoonful, teacup, teaspoon, teaspoonful, ten, tenth, third, thirty, thousand, three, ton, tot, trace, twelve, two, unit, volume, whisker, worth, yard, zero, zip"
time,104,"afternoon, anniversary, august, autumn, babyhood, bedtime, birth, birthday, calendar, century, childhood, christmas, close, cycle, date, dawn, day, daylight, daytime, december, deep, dinnertime, even, evening, evens, fall, float, flush, full, future, go, grave, halftime, history, holiday, holidays, hour, inning, instant, january, last, leave, lunchtime, march, may, mealtime, midday, midnight, minute, moment, month, morning, nap, night, nighttime, none, noon, november, now, old, over, past, pause, period, picnic, playtime, present, pus, saturday, schooldays, season, second, speed, spring, springtime, stage, summer, summertime, sunday, sundown, sunrise, sunset, suppertime, teens, thanksgiving, then, times, today, tomorrow, tonight, vacation, wait, wed, wee, week, weekday, weekend, weeknight, while, wink, winter, wintertime, year, yesterday"
object,93,"anthill, bank, beach, boulder, bubble, canal, cape, cave, cavity, chip, cinder, cliff, climb, coast, crack, creek, crust, downhill, draw, earth, eggshell, fishpond, flat, foam, forth, globe, grain, ground, hammock, hill, hillside, hole, honeycomb, island, lake, leak, lick, main, mars, meteor, moon, mountain, mountainside, mush, must, narrow, necessary, nest, nugget, ocean, opening, pebble, pit, plain, planet, pond, rainbow, remains, ribbon, river, riverbank, rock, scrap, sea, seacoast, seashore, seaside, shallow, sheet, shore, shoreline, sky, sliver, spit, splinter, star, stone, stream, stretch, strip, suds, sun, swamp, tangle, thundercloud, track, trail, valley, volcano, waterfall, web, woodland, world"
location,84,"arctic, area, backside, bam, beat, bedside, birthplace, border, bottom, campground, campsite, cemetery, center, cheddar, churchyard, city, common, corncob, corner, cornfield, den, dig, direction, downtown, edge, end, fairground, farmland, field, front, graveyard, haunt, heaven, hell, here, hideout, hilltop, hippo, holy, home, hometown, inside, japan, jungle, junkyard, lawn, left, mansion, me, meadow, middle, neighborhood, nice, north, oh, open, or, orbit, outdoors, outside, park, pasture, place, playground, prairie, reach, rooftop, rough, schoolyard, seat, see, side, somewhere, south, spot, state, tack, there, thick, tip, top, town, us, west"
possession,63,"adopt, allowance, amount, belong, bet, borrow, buy, capitalize, cash, check, cleanup, coin, cost, cut, diamond, dime, draft, earn, fine, found, gift, gold, hospitalize, jackpot, keep, kite, kitty, land, lettuce, locate, lose, loss, money, movable, orphaned, own, pay, payback, peanuts, pearl, peddle, pledge, principal, prize, provide, recover, retrieve, rid, rob, ruby, share, slice, sparkler, spoil, steal, sum, take, tender, treasure, trust, uniformed, valuables, winnings"
change,55,"absent, alphabetize, bake, bald, become, bloody, brighten, canned, childproof, complete, correct, crippled, darken, darkened, defrost, disappear, dizzy, erase, explode, flatten, freckled, grilled, grow, happen, hardened, heal, hushed, improve, lengthen, loosen, outgrow, overfill, overheated, powdered, prepare, refrigerate, reheat, remaining, replace, ripen, roasted, rusted, shorten, shush, slow, tame, thin, tighten, unfreeze, unfrozen, up, warm, weaken, whiten, widen"
contact,54,"attach, bare, bonk, carve, connect, deformed, delete, dirty, drown, fasten, frosted, glazed, greased, iced, kidnap, mashed, muddy, nab, replant, retie, scissor, sew, sharpen, shut, sit, strangle, striped, unbuckle, unbuckled, unbutton, unbuttoned, unchain, undo, unfasten, unfastened, unhook, unload, unlock, unpack, unplug, unplugged, unraveled, unroll, unscrew, untangle, untangled, untie, untwist, unwrap, unwrapped, unzip, wham, wrinkled, zippered"
phenomenon,54,"blizzard, bolt, breeze, candlelight, chop, cloud, consequence, dent, downpour, drizzle, electricity, energy, flake, flood, fog, hail, heat, hurricane, interrupt, lamplight, light, lightning, microwave, mist, moonlight, peelings, puff, rain, raindrop, rainfall, rainstorm, ray, response, smoke, snow, snowfall, snowflake, snowstorm, sprinkle, starlight, storm, streamer, sunbeam, sunlight, sunray, sunshine, thunderbolt, thunderstorm, tornado, twister, wake, waterspout, weather, wind"
feeling,41,"alarm, anger, boredom, closeness, coolness, disgust, embarrassment, emotion, excitement, fear, forgiveness, friendliness, fright, gratefulness, hate, hope, horror, jealousy, joy, joyfulness, leaning, love, mood, nervousness, playfulness, relief, relish, sadness, shame, shock, shyness, stab, sulk, surprise, surrender, temper, togetherness, unfriendliness, unhappiness, wish, wonder"
shape,35,"bend, blob, circle, crease, crescent, cube, curl, curve, dip, disk, dot, doughnut, drop, fold, hexagon, hollow, hump, jog, join, oval, pucker, pyramid, rectangle, sag, semicircle, square, stamp, swirl, teardrop, triangle, turn, twirl, wart, wrinkle, zigzag"
emotion,33,"admire, adore, animated, annoy, annoyed, bored, charming, crazed, disappoint, disappointed, embarrass, embarrassed, enchant, enchanted, enjoy, excite, excited, exciting, frightened, gentle, horrifying, interesting, lighten, long, pester, please, prefer, scared, shocking, sicken, sickening, troubled, worried"
motion,28,"arrive, bring, canoeing, crooked, crowded, crumble, crumple, curved, enter, flipping, follow, frozen, guiding, near, pour, restart, retrace, rotate, scoot, scrambled, send, sightsee, sleepwalk, straighten, topple, totter, uncross, wander"
social,28,"allow, amused, bumble, busy, celebrate, disobey, doing, educate, encouraging, enrolls, entertain, fail, frequent, frustrated, frustrating, further, gifted, loose, manage, marry, misbehave, obey, off, operate, organize, participate, punish, unite"
stative,21,"arise, attend, bearded, contain, continue, dangle, deserve, deserving, dotted, expire, fried, include, live, make-up, matching, prove, quit, shelve, spend, survive, weigh"
relation,20,"competition, east, eighth, first, fourth, highlight, index, leftover, motherhood, ninth, northeast, operator, part, perfect, rest, reverse, scales, seventh, sixth, twelfth"
perception,19,"appear, blinding, bury, dim, dingdong, discover, disgusted, disgusting, glittering, hear, listen, masked, salted, scented, seem, soften, sugared, sweeten, uncover"
process,19,"aging, blaze, bloom, blooming, defence, dump, flame, flaming, flop, freeze, freezing, growth, hatch, healing, heating, icing, melt, refrigeration, soak"
Tops,15,"animal, beast, creature, event, feeling, food, group, individual, knowledge, location, object, person, somebody, someone, space"
creation,11,"accomplish, create, decorate, decorated, destroy, develop, fruited, imagine, redo, sing, write"
pert,11,"allergic, alphabetical, automotive, biblical, binocular, electronic, fishy, heavenly, minty, soapy, splashy"
consumption,7,"afford, eat, fatten, inhale, overeat, reuse, slurp"
competition,3,"compete, overpower, protect"
motive,2,"reason, why"
weather,1,shaded
